name,price
Scalpe Plus Anti Dandruff Shampoo Bottle Of 75 Ml,"₹,297.30"
Everherb (By Pharmeasy) Amla Juice-Rich In Vitamin C-Natural Immunity Booster - 1 Litre Bottle,"₹,195.51"
Selsun Bottle Of 120ml Suspension,"₹,364.32"
Triclenz Hair Cleanser Bottle Of 250 Ml,"₹,554.68"
Perfectil Skin Hair Nails Care Tablets Box Of 30,"₹,607.20"
New Hair 4u 5% Hair Spray Bottle Of 60 Ml,"₹,748.65"
Scalpe Pro Anti-Dandruff Shampoo Bottle Of 100 Ml,"₹,187.20"
Sebamed Anti-Dandruff Shampoo 200ml | Ph 5.5 | Hair & Dandruff Prone Scalp| 50% Reduction In 14 Days,"₹,593.75"
Candid Tv Suspension 75ml,"₹,300.60"
Indulekha Bringha Hair Oil Bottle Of 100 Ml,"₹,401.76"
Selsun Daily Anti-Dandruff Shampoo For Dry Scalp Bottle Of 120ml,"₹,378.90"
Himalaya Gentle Baby Shampoo Bottle Of 400ml,"₹,336.00"
Everherb (By Pharmeasy) Amla - Immunity Booster Capsules - Natural Vitamin C - Bottle Of 60,"₹,251.58"
Himalaya Baby Gentle Baby Shampoo Bottle Of 200 Ml,"₹,196.80"
Sebamed Anti-Hairloss Shampoo 200ml | Ph 5.5 | Reduces Hairloss | Caffeine & Gingko Biloba,"₹,594.00"
Hair 4u Shampoo Bottle - 100 Ml,"₹,441.00"
Kapiva Amla Health Juice Bottle Of 1 L,"₹,249.01"
New Hair 4u 10% Spray Bottle Of 60 Ml,"₹,900.00"
Parachute Advansed Jasmine Coconut Hair Oil For Shiny & Strong Hair 300ml,"₹,136.62"
Sebamed Everyday Shampoo 200ml |Ph 5.5 | Normal To Dry Hair | Mild Formula | Gives Moisture & Volume,"₹,531.25"
